{
    "action_acc": 0.7465677923639643,
    "type_match_acc": 0.8389618198216254,
    "grounding_acc": 0.8349429323968394,
    "ep_acc": 0.2710765239948119,
    "all_actions": 9979,
    "all_ep": 1542,
    "all_click": 5071,
    "all_swipe": 1211,
    "all_type": 631,
    "all_open": 607,
    "all_terminate": 1542,
    "all_system_button": 343,
    "all_wait": 565,
    "all_long_press": 9,
    "action_acc_easy": 0.728898426323319,
    "ep_acc_easy": 0.4132420091324201,
    "action_acc_medium": 0.7630816430884609,
    "ep_acc_medium": 0.24634420697412823,
    "action_acc_hard": 0.7197053406998158,
    "ep_acc_hard": 0.08372093023255814,
    "type_acc": 0.8557844690966719,
    "swipe_acc": 0.64822460776218,
    "click_acc": 0.7497535002957997,
    "open_acc": 0.8846787479406919,
    "terminate_acc": 0.8132295719844358,
    "system_button_acc": 0.5918367346938775,
    "wait_acc": 0.5787610619469027,
    "long_press_acc": 0.2222222222222222
}